Area harvested,Yield,Years
10000,0.45,1961
36000,0.4306,1966
73000,0.3425,1995
40000,0.6625,1974
61908,0.4686,2005
48554,0.542,2013
60000,0.35,1998
81000,0.5494,1986
58627,0.4891,2007
40000,0.58,1973
52138,0.5067,2009
12000,0.4167,1964
